source_path	target_path	size	sha256	source_sha256	transform
UploadFiles/xwzx/2025/10/202510070907553276.jpg	UploadFiles/xwzx/2025/10/202510070907553276.jpg	3714065	7c42cff596c44c9957dc8750dab09d71cb5de223571dd74112665e17381fadf9	7c42cff596c44c9957dc8750dab09d71cb5de223571dd74112665e17381fadf9	
UploadFiles/xwzx/2025/10/202510070957053159.bmp	UploadFiles/xwzx/2025/10/202510070957053159.bmp	5319954	dfc850543b50d459dbae48e07a2f87ce3f6e1f5339d4eeaae1eb26aa194314a1	dfc850543b50d459dbae48e07a2f87ce3f6e1f5339d4eeaae1eb26aa194314a1	
UploadFiles/xwzx/2025/10/202510071458248061.bmp	UploadFiles/xwzx/2025/10/202510071458248061.bmp	5319954	a105214d76a047886c5a09669be18fb6b4e06d8ed5274916bf2afa835210ef2f	a105214d76a047886c5a09669be18fb6b4e06d8ed5274916bf2afa835210ef2f	
UploadFiles/xwzx/2025/10/202510071717325363.gif	UploadFiles/xwzx/2025/10/202510071717325363.gif	970	2e20adfa5746298c73e199693934f04f5416d373daa6dd0d5e73a337f2f36dff	2e20adfa5746298c73e199693934f04f5416d373daa6dd0d5e73a337f2f36dff	
UploadFiles/xwzx/2025/10/202510071717329224.gif	UploadFiles/xwzx/2025/10/202510071717329224.gif	996	6a8c34408daee220b364f56261db307a68c0d8732f762bb90ddccb5482683677	6a8c34408daee220b364f56261db307a68c0d8732f762bb90ddccb5482683677	
UploadFiles/xwzx/2025/10/202510080859117904.png	UploadFiles/xwzx/2025/10/202510080859117904.png	81834	c7917cc9ffdc78de71809efc56e600dcf9ffdd938045a9e02a306006cf6a62ad	c7917cc9ffdc78de71809efc56e600dcf9ffdd938045a9e02a306006cf6a62ad	
UploadFiles/xwzx/2025/10/202510081433054334.bmp	UploadFiles/xwzx/2025/10/202510081433054334.bmp	5319954	6cc6361f256ab478c8c33dbe4450478381e21b2678795785365a474d436f3a0c	6cc6361f256ab478c8c33dbe4450478381e21b2678795785365a474d436f3a0c	
UploadFiles/xwzx/2025/10/202510081434572318.bmp	UploadFiles/xwzx/2025/10/202510081434572318.bmp	5319954	99686707627f316f16b6156a67dfcaa46f54d5b3308986d0542e65b1a4bed3ab	99686707627f316f16b6156a67dfcaa46f54d5b3308986d0542e65b1a4bed3ab	
UploadFiles/xwzx/2025/10/202510081436266981.bmp	UploadFiles/xwzx/2025/10/202510081436266981.bmp	5319954	8ac949dd5e5fa8711118e0a2203a5f53a062b7a41a019de0e19f5d856be08ecf	8ac949dd5e5fa8711118e0a2203a5f53a062b7a41a019de0e19f5d856be08ecf	
UploadFiles/xwzx/2025/10/202510081439092504.jpg	UploadFiles/xwzx/2025/10/202510081439092504.jpg	5319954	9a766c62303abf3877ce32c57006ce78710dd95f38f51071675fb422fd79497e	9a766c62303abf3877ce32c57006ce78710dd95f38f51071675fb422fd79497e	
UploadFiles/xwzx/2025/10/202510081445277917.bmp	UploadFiles/xwzx/2025/10/202510081445277917.bmp	5506254	605c054f34d06663c4e485f2e1a41bb4b61fe1df03b95d74d739ad8b2eeb1de5	605c054f34d06663c4e485f2e1a41bb4b61fe1df03b95d74d739ad8b2eeb1de5	
UploadFiles/xwzx/2025/10/202510081610175097.jpg	UploadFiles/xwzx/2025/10/202510081610175097.jpg	425695	939fcb0e7ae9ab230abfee715f9b07acfa77dfcb0cf5033d340eac32cdcc6940	939fcb0e7ae9ab230abfee715f9b07acfa77dfcb0cf5033d340eac32cdcc6940	
UploadFiles/xwzx/2025/10/202510091037242311.jpg	UploadFiles/xwzx/2025/10/202510091037242311.jpg	1657161	1f98af5239d819dee2482949594ebf192e14dd825439a1efc50fa77a01025330	1f98af5239d819dee2482949594ebf192e14dd825439a1efc50fa77a01025330	
UploadFiles/xwzx/2025/10/202510091037243216.JPG	UploadFiles/xwzx/2025/10/202510091037243216.JPG	2530171	2f8210ebcda617a71b8c4ffef6e0ba716ef258a7475a015d3e0cc5c916eb9a22	2f8210ebcda617a71b8c4ffef6e0ba716ef258a7475a015d3e0cc5c916eb9a22	
UploadFiles/xwzx/2025/10/202510091037363594.JPG	UploadFiles/xwzx/2025/10/202510091037363594.JPG	2722533	aafc37e075be1ebef51c52d90249dd41c0b88f9412115b3c964bad78750fa9ce	aafc37e075be1ebef51c52d90249dd41c0b88f9412115b3c964bad78750fa9ce	
UploadFiles/xwzx/2025/10/202510091037511804.JPG	UploadFiles/xwzx/2025/10/202510091037511804.JPG	3396074	4750a6c7a855d84bc4c0c874ef1ef71c3b6ffd72914be629ba0c70886153c5f5	4750a6c7a855d84bc4c0c874ef1ef71c3b6ffd72914be629ba0c70886153c5f5	
UploadFiles/xwzx/2025/10/202510091037526935.jpg	UploadFiles/xwzx/2025/10/202510091037526935.jpg	4597431	faae16f3b58daa2cf403eaf02ba576ae406d15940ba9755834a9b9b27d2d4641	faae16f3b58daa2cf403eaf02ba576ae406d15940ba9755834a9b9b27d2d4641	
UploadFiles/xwzx/2025/10/202510091037529550.JPG	UploadFiles/xwzx/2025/10/202510091037529550.JPG	3745908	8b8e20e285d6aefd717ef550fef260b9df104c87430dc741914449f41a82a410	8b8e20e285d6aefd717ef550fef260b9df104c87430dc741914449f41a82a410	
UploadFiles/xwzx/2025/10/202510091401036849.JPEG	UploadFiles/xwzx/2025/10/202510091401036849.JPEG	1285674	5d027a4bf00683fde2a943733bfe366b1c36dddd34e35f8ea7d67554dc877e86	5d027a4bf00683fde2a943733bfe366b1c36dddd34e35f8ea7d67554dc877e86	
UploadFiles/xwzx/2025/10/202510091401039339.JPEG	UploadFiles/xwzx/2025/10/202510091401039339.JPEG	929168	8f842550fff66616d0bec71d7241d7d4ed3e2fd71fde68a2193b8b64a02a2506	8f842550fff66616d0bec71d7241d7d4ed3e2fd71fde68a2193b8b64a02a2506	
UploadFiles/xwzx/2025/10/202510091405318643.JPEG	UploadFiles/xwzx/2025/10/202510091405318643.JPEG	970300	ea14490362b2d1035d43180052ad8a0127bfbb3be719f2ab17c4468d46e0d93b	ea14490362b2d1035d43180052ad8a0127bfbb3be719f2ab17c4468d46e0d93b	
UploadFiles/xwzx/2025/10/202510091405319539.JPEG	UploadFiles/xwzx/2025/10/202510091405319539.JPEG	1494378	9d639fadd573340aa43916673878825dd1a45fe7a14c1d0b502b814530e80128	9d639fadd573340aa43916673878825dd1a45fe7a14c1d0b502b814530e80128	
UploadFiles/xwzx/2025/10/202510091435548416.jpg	UploadFiles/xwzx/2025/10/202510091435548416.jpg	235250	632d0811eca20766ee88b6041ae6a26b35ef8ebab71a17a284f1cbb0f0d087dd	632d0811eca20766ee88b6041ae6a26b35ef8ebab71a17a284f1cbb0f0d087dd	
UploadFiles/xwzx/2025/10/202510091609326505.bmp	UploadFiles/xwzx/2025/10/202510091609326505.bmp	5319954	018bf749008bf3e8e47705c43679db956150c69c6dd3903e2e5f943bcf6dbf9b	018bf749008bf3e8e47705c43679db956150c69c6dd3903e2e5f943bcf6dbf9b	
UploadFiles/xwzx/2025/10/202510100905506604.png	UploadFiles/xwzx/2025/10/202510100905506604.png	157413	f5d6c7d56b88be5fdaf45f1e3bff6605b5a9696031a54f035155866b6508d640	f5d6c7d56b88be5fdaf45f1e3bff6605b5a9696031a54f035155866b6508d640	
UploadFiles/xwzx/2025/10/202510101246123538.png	UploadFiles/xwzx/2025/10/202510101246123538.png	64956	c6daefb1ce1a34a4c8a43e83108488d11cef8c5ed73712d2c63f9811c6a2c177	c6daefb1ce1a34a4c8a43e83108488d11cef8c5ed73712d2c63f9811c6a2c177	
UploadFiles/xwzx/2025/10/202510101443288152.bmp	UploadFiles/xwzx/2025/10/202510101443288152.bmp	5319954	68c921c22721e0aa45dd48887fb48833fe36ff340ec0564afab24794698fd729	68c921c22721e0aa45dd48887fb48833fe36ff340ec0564afab24794698fd729	
UploadFiles/xwzx/2025/10/202510101638587547.png	UploadFiles/xwzx/2025/10/202510101638587547.png	1795181	1e696bd868dc6a481e711ed7dd773066254157116d92171c87d8fcff682456c1	1e696bd868dc6a481e711ed7dd773066254157116d92171c87d8fcff682456c1	
UploadFiles/xwzx/2025/10/202510101639276325.jpg	UploadFiles/xwzx/2025/10/202510101639276325.jpg	140716	7e63e6d3a8fc50e4cb2b3651b993563fa16ae19389c3217069adc721883ae5d5	7e63e6d3a8fc50e4cb2b3651b993563fa16ae19389c3217069adc721883ae5d5	
UploadFiles/xwzx/2025/10/202510110936004274.png	UploadFiles/xwzx/2025/10/202510110936004274.png	167478	0364cddc22c7c14cac46820e2dfaf4d5c8dbd345b0f21ec3bd9e238113ae116c	0364cddc22c7c14cac46820e2dfaf4d5c8dbd345b0f21ec3bd9e238113ae116c	
UploadFiles/xwzx/2025/10/202510111621041560.bmp	UploadFiles/xwzx/2025/10/202510111621041560.bmp	5319954	b54dcb81abcf2bf6ebe010cb4eae8fd8eb64aeb01e0c88e07d490691489d5626	b54dcb81abcf2bf6ebe010cb4eae8fd8eb64aeb01e0c88e07d490691489d5626	
UploadFiles/xwzx/2025/10/202510131450170245.bmp	UploadFiles/xwzx/2025/10/202510131450170245.bmp	5319954	49a94b91b563e88a5ccd70d8ba585514ff43df8a4e4a2dbc6cb3c71ef06b0a64	49a94b91b563e88a5ccd70d8ba585514ff43df8a4e4a2dbc6cb3c71ef06b0a64	
UploadFiles/xwzx/2025/10/202510140909484299.gif	UploadFiles/xwzx/2025/10/202510140909484299.gif	1012	62c86a7776611273707faece405890b74a8c521b17a73e339875d8aa4f9ca361	62c86a7776611273707faece405890b74a8c521b17a73e339875d8aa4f9ca361	
UploadFiles/xwzx/2025/10/202510150721590070.png	UploadFiles/xwzx/2025/10/202510150721590070.png	178926	47a11c15c8487cb75cab1a83e6ad1c101606b471075cc5b16d204edeb0af5681	47a11c15c8487cb75cab1a83e6ad1c101606b471075cc5b16d204edeb0af5681	
UploadFiles/xwzx/2025/10/202510150853248159.jpg	UploadFiles/xwzx/2025/10/202510150853248159.jpg	3537232	e50f1cf201e109d6768a3e11317dbe082a00df0cbade08716b348b515b143bdf	e50f1cf201e109d6768a3e11317dbe082a00df0cbade08716b348b515b143bdf	
UploadFiles/xwzx/2025/10/202510150919597571.bmp	UploadFiles/xwzx/2025/10/202510150919597571.bmp	2326266	f9ed6e67554d99ee388863894a9cd0ebc644195db83fb06bddf28a7f8ec4d374	f9ed6e67554d99ee388863894a9cd0ebc644195db83fb06bddf28a7f8ec4d374	
UploadFiles/xwzx/2025/10/202510151620447652.bmp	UploadFiles/xwzx/2025/10/202510151620447652.bmp	5319954	32bfe5e6756b84c47492d56c45fbe431aae8ccaeb02bde25299bee16751eddf7	32bfe5e6756b84c47492d56c45fbe431aae8ccaeb02bde25299bee16751eddf7	
UploadFiles/xwzx/2025/10/202510161000036663.bmp	UploadFiles/xwzx/2025/10/202510161000036663.bmp	2293218	6329224037b61d25043ea79b71c0e0f89ee95411b240ed946dc48b623d486e43	6329224037b61d25043ea79b71c0e0f89ee95411b240ed946dc48b623d486e43	
UploadFiles/xwzx/2025/10/202510161653344703.bmp	UploadFiles/xwzx/2025/10/202510161653344703.bmp	2326266	483f109cd8263c8387e30b761537d27906d280c83c1334af3f1e462b75ffbb19	483f109cd8263c8387e30b761537d27906d280c83c1334af3f1e462b75ffbb19	
UploadFiles/xwzx/2025/10/202510171110193257.png	UploadFiles/xwzx/2025/10/202510171110193257.png	83674	e9e6a5b66c7bf1ced4638a4d292634abe816eed8a3f6a7ddb5b4fc0a95a7e75a	e9e6a5b66c7bf1ced4638a4d292634abe816eed8a3f6a7ddb5b4fc0a95a7e75a	
UploadFiles/xwzx/2025/10/202510171110209660.png	UploadFiles/xwzx/2025/10/202510171110209660.png	84026	366812c6c14ef975a84653aa7b1dd6b25119a5d6b1f2c3169f9f86d4f1b149d0	366812c6c14ef975a84653aa7b1dd6b25119a5d6b1f2c3169f9f86d4f1b149d0	
UploadFiles/xwzx/2025/10/202510171521116981.bmp	UploadFiles/xwzx/2025/10/202510171521116981.bmp	5319954	5581406b21deb7bef2de58899ff785dd56424ed4f89caa26002f80b054023ae9	5581406b21deb7bef2de58899ff785dd56424ed4f89caa26002f80b054023ae9	
UploadFiles/xwzx/2025/10/202510181626377795.bmp	UploadFiles/xwzx/2025/10/202510181626377795.bmp	5348934	51b8674696f13eb40c47e444e88277b6a49afe8ee3f8b6863b1cbec7e13d9725	51b8674696f13eb40c47e444e88277b6a49afe8ee3f8b6863b1cbec7e13d9725	
UploadFiles/xwzx/2025/10/202510200817144954.jpg	UploadFiles/xwzx/2025/10/202510200817144954.jpg	140923	262c316d988c3e36a4f647b9e281947ecb19152c72b31cf045996b08583a1279	262c316d988c3e36a4f647b9e281947ecb19152c72b31cf045996b08583a1279	
UploadFiles/xwzx/2025/10/202510200846080455.gif	UploadFiles/xwzx/2025/10/202510200846080455.gif	1005	96ae963c64e3bf7edd26f5e8d131f80d1444536dc7c69b6164d23e4db16a20d3	96ae963c64e3bf7edd26f5e8d131f80d1444536dc7c69b6164d23e4db16a20d3	
UploadFiles/xwzx/2025/10/202510200854508429.JPG	UploadFiles/xwzx/2025/10/202510200854508429.JPG	22388593	75bd85e1c49b8890fcb242e2e0bb86a5ce2c4c762cafda36ce796020cefe3d64	75bd85e1c49b8890fcb242e2e0bb86a5ce2c4c762cafda36ce796020cefe3d64	
UploadFiles/xwzx/2025/10/202510200854524958.JPG	UploadFiles/xwzx/2025/10/202510200854524958.JPG	22883384	fa28513c31aa4a05c556bc57b31360434c66eacceed8d0c628b9808f95b4dc9c	fa28513c31aa4a05c556bc57b31360434c66eacceed8d0c628b9808f95b4dc9c	
UploadFiles/xwzx/2025/10/202510200854530433.jpg	UploadFiles/xwzx/2025/10/202510200854530433.jpg	461893	8f80cd3603583b76270d73c68d88acbcadae3834757907c4f4f4da400a7fd505	8f80cd3603583b76270d73c68d88acbcadae3834757907c4f4f4da400a7fd505	
UploadFiles/xwzx/2025/10/202510200854531285.jpg	UploadFiles/xwzx/2025/10/202510200854531285.jpg	552488	1a067b248b595e54f264ddf1a856f33e84489ed2e075bd51deae21648aceea77	1a067b248b595e54f264ddf1a856f33e84489ed2e075bd51deae21648aceea77	
UploadFiles/xwzx/2025/10/202510200854533521.jpg	UploadFiles/xwzx/2025/10/202510200854533521.jpg	600741	aa209fb1c2faac275f71d69abf688834548e2320702bbc97bc99ed8ff0abcd19	aa209fb1c2faac275f71d69abf688834548e2320702bbc97bc99ed8ff0abcd19	
UploadFiles/xwzx/2025/10/202510200854534425.jpg	UploadFiles/xwzx/2025/10/202510200854534425.jpg	490815	82e58dab8b499520b90253ca0c20bbe6e72d04d50cebe8d7372d59fe22dc8b3e	82e58dab8b499520b90253ca0c20bbe6e72d04d50cebe8d7372d59fe22dc8b3e	
UploadFiles/xwzx/2025/10/202510200854535789.jpg	UploadFiles/xwzx/2025/10/202510200854535789.jpg	394378	8a6c489eba40912647e5b6b44eff11c6cf91ff28e3e040004c7887f507f5b73e	8a6c489eba40912647e5b6b44eff11c6cf91ff28e3e040004c7887f507f5b73e	
UploadFiles/xwzx/2025/10/202510200854537179.jpg	UploadFiles/xwzx/2025/10/202510200854537179.jpg	495856	989860baa117894fc8ad59a1d33fcad50ab5dbf6f1a0f91539c9fb9dd8fbf181	989860baa117894fc8ad59a1d33fcad50ab5dbf6f1a0f91539c9fb9dd8fbf181	
UploadFiles/xwzx/2025/10/202510200854537317.jpg	UploadFiles/xwzx/2025/10/202510200854537317.jpg	540075	6e74e6dd879e8f43cb3f4e207d1ac6564d7fa73f0dc0ccca1a00a175a5156641	6e74e6dd879e8f43cb3f4e207d1ac6564d7fa73f0dc0ccca1a00a175a5156641	
UploadFiles/xwzx/2025/10/202510200854538883.jpg	UploadFiles/xwzx/2025/10/202510200854538883.jpg	554958	c85216a3c93a6d2baeca3be830ad899d1041e0435f4bb22a876137442aa51914	c85216a3c93a6d2baeca3be830ad899d1041e0435f4bb22a876137442aa51914	
UploadFiles/xwzx/2025/10/202510200854539587.jpg	UploadFiles/xwzx/2025/10/202510200854539587.jpg	577899	19badeb2733e81c0ad7a95f634541fda6cb47510b7ae9639669680afd852a3d6	19badeb2733e81c0ad7a95f634541fda6cb47510b7ae9639669680afd852a3d6	
UploadFiles/xwzx/2025/10/202510200854541789.jpg	UploadFiles/xwzx/2025/10/202510200854541789.jpg	479918	d0f3e5e7fca4fcb9445fa2208f1f15ac0b32516597b4dd7b92f572abe358f85f	d0f3e5e7fca4fcb9445fa2208f1f15ac0b32516597b4dd7b92f572abe358f85f	
UploadFiles/xwzx/2025/10/202510200854542104.jpg	UploadFiles/xwzx/2025/10/202510200854542104.jpg	673396	b7c49299d2f9dfb79bf4dcddbf6bac7d114a5a284b2ae07c4a734780feab3585	b7c49299d2f9dfb79bf4dcddbf6bac7d114a5a284b2ae07c4a734780feab3585	
UploadFiles/xwzx/2025/10/202510200854543559.jpg	UploadFiles/xwzx/2025/10/202510200854543559.jpg	495981	99a772f3d965488f384b47ba9250917384741ceb8fbbe2bed18a3bc06be6c9d4	99a772f3d965488f384b47ba9250917384741ceb8fbbe2bed18a3bc06be6c9d4	
UploadFiles/xwzx/2025/10/202510200854544565.jpg	UploadFiles/xwzx/2025/10/202510200854544565.jpg	613257	d8e7c8e4838c5fb262cc243e732b619e8216838eec0dda4331009119f7188041	d8e7c8e4838c5fb262cc243e732b619e8216838eec0dda4331009119f7188041	
UploadFiles/xwzx/2025/10/202510200854547007.jpg	UploadFiles/xwzx/2025/10/202510200854547007.jpg	632516	cc49b606bca0020861a1de3dfeeb19a6a3a7c0812443aa6794a0764bedf5745d	cc49b606bca0020861a1de3dfeeb19a6a3a7c0812443aa6794a0764bedf5745d	
UploadFiles/xwzx/2025/10/202510200854547952.jpg	UploadFiles/xwzx/2025/10/202510200854547952.jpg	627158	e5cf9a4dc5a895df148ce1e3379f39402ee054eda4643b3f09ecaa1ba26f8646	e5cf9a4dc5a895df148ce1e3379f39402ee054eda4643b3f09ecaa1ba26f8646	
UploadFiles/xwzx/2025/10/202510200854548265.jpg	UploadFiles/xwzx/2025/10/202510200854548265.jpg	512164	050605bc049108e191f86c51de0e48c9a7a5c867c9e3cf1d21668c677ff5e5ec	050605bc049108e191f86c51de0e48c9a7a5c867c9e3cf1d21668c677ff5e5ec	
UploadFiles/xwzx/2025/10/202510200854551249.JPG	UploadFiles/xwzx/2025/10/202510200854551249.JPG	20265822	5131930695d59f632bcbf8131753b1f10bc5dfd52748e062899788b0916a7f26	5131930695d59f632bcbf8131753b1f10bc5dfd52748e062899788b0916a7f26	
UploadFiles/xwzx/2025/10/202510200854554752.JPG	UploadFiles/xwzx/2025/10/202510200854554752.JPG	20295342	3026ecd1a59d02389a208a9d1436f40c710ce66c126514c2e7ccd13ea5c6b41a	3026ecd1a59d02389a208a9d1436f40c710ce66c126514c2e7ccd13ea5c6b41a	
UploadFiles/xwzx/2025/10/202510200856052745.JPG	UploadFiles/xwzx/2025/10/202510200856052745.JPG	2408025	b020ddcde26aedc65c36f88641567c5fad4d0038c773f54d226d2ef9b8864960	b020ddcde26aedc65c36f88641567c5fad4d0038c773f54d226d2ef9b8864960	
UploadFiles/xwzx/2025/10/202510200856054840.jpg	UploadFiles/xwzx/2025/10/202510200856054840.jpg	6523773	a40adab0f35cd5204174439a2deb6ade652bdff3fe0d17dc3f4e14f94508153b	a40adab0f35cd5204174439a2deb6ade652bdff3fe0d17dc3f4e14f94508153b	
UploadFiles/xwzx/2025/10/202510200856066328.jpg	UploadFiles/xwzx/2025/10/202510200856066328.jpg	5748067	929241648fcb933788d9fe38485b1e117b0cb809e6bb5513c02b583966efbe56	929241648fcb933788d9fe38485b1e117b0cb809e6bb5513c02b583966efbe56	
UploadFiles/xwzx/2025/10/202510200856079247.JPG	UploadFiles/xwzx/2025/10/202510200856079247.JPG	4718312	a4046bef3119f233e2d540c2bf5b82677493f756790076863a9bac74184ba66e	a4046bef3119f233e2d540c2bf5b82677493f756790076863a9bac74184ba66e	
UploadFiles/xwzx/2025/10/202510200856080371.jpg	UploadFiles/xwzx/2025/10/202510200856080371.jpg	3797520	8e16a16cd6bc1a4368a26fd653e922645dc73c4b92eaeeddd70c467f4b6877d5	8e16a16cd6bc1a4368a26fd653e922645dc73c4b92eaeeddd70c467f4b6877d5	
UploadFiles/xwzx/2025/10/202510200856085858.jpg	UploadFiles/xwzx/2025/10/202510200856085858.jpg	3999497	1eb143cbed7452eaef4c18283deafce5ebf989567a0de9cf88bc99148ca5d89f	1eb143cbed7452eaef4c18283deafce5ebf989567a0de9cf88bc99148ca5d89f	
UploadFiles/xwzx/2025/10/202510200856087052.jpg	UploadFiles/xwzx/2025/10/202510200856087052.jpg	5994067	147b7ee1f7089fd9374a433c79bb21526eff0f76081865a801bb2927a5c18b96	147b7ee1f7089fd9374a433c79bb21526eff0f76081865a801bb2927a5c18b96	
UploadFiles/xwzx/2025/10/202510200856091606.jpg	UploadFiles/xwzx/2025/10/202510200856091606.jpg	4335227	c232e340073c011ce7e1ce70a0287d8edb9e230fc6a2e7a43d78c003bea3e5f5	c232e340073c011ce7e1ce70a0287d8edb9e230fc6a2e7a43d78c003bea3e5f5	
UploadFiles/xwzx/2025/10/202510200856099258.jpg	UploadFiles/xwzx/2025/10/202510200856099258.jpg	6645421	0336d3f99fcbde6b9637cf903278d0e1440b01aa4dbee434cd162c93a010d06a	0336d3f99fcbde6b9637cf903278d0e1440b01aa4dbee434cd162c93a010d06a	
UploadFiles/xwzx/2025/10/202510200859516040.jpg	UploadFiles/xwzx/2025/10/202510200859516040.jpg	197578	a26e950671013f8091b0308418c1c63c35174b3bc4596a588d3a6f4afae54a3f	a26e950671013f8091b0308418c1c63c35174b3bc4596a588d3a6f4afae54a3f	
UploadFiles/xwzx/2025/10/202510200859545955.JPG	UploadFiles/xwzx/2025/10/202510200859545955.JPG	17096053	a35e780ebf04c4e62633ff74524e213c6a86c3d07dc02e986694193ce5b8ad3b	a35e780ebf04c4e62633ff74524e213c6a86c3d07dc02e986694193ce5b8ad3b	
UploadFiles/xwzx/2025/10/202510200859560859.JPG	UploadFiles/xwzx/2025/10/202510200859560859.JPG	14281730	e7b63918200a221cfcc9c3a105c84b7d754c4278de184dc9a6799e0d8cb86e62	e7b63918200a221cfcc9c3a105c84b7d754c4278de184dc9a6799e0d8cb86e62	
UploadFiles/xwzx/2025/10/202510200900008724.JPG	UploadFiles/xwzx/2025/10/202510200900008724.JPG	15376976	eacd7f79c3ee26b5284c3c865862ee3105027dfeb5e8d3c46aa2a547e9ea11ac	eacd7f79c3ee26b5284c3c865862ee3105027dfeb5e8d3c46aa2a547e9ea11ac	
UploadFiles/xwzx/2025/10/202510200900021376.JPG	UploadFiles/xwzx/2025/10/202510200900021376.JPG	13242571	d4f78b104266d6e75a3e9bace9a80674747cc5519d18f53ccb0f6cda8b940ad0	d4f78b104266d6e75a3e9bace9a80674747cc5519d18f53ccb0f6cda8b940ad0	
UploadFiles/xwzx/2025/10/202510200900053699.JPG	UploadFiles/xwzx/2025/10/202510200900053699.JPG	17240814	172af97240a81bb8f607382c291982521451b1f3d82e355edc167b7453b9a903	172af97240a81bb8f607382c291982521451b1f3d82e355edc167b7453b9a903	
UploadFiles/xwzx/2025/10/202510200900070249.JPG	UploadFiles/xwzx/2025/10/202510200900070249.JPG	16990420	2041c859cb5ab42b572b9ef5effb81b74dce50a4fc7c4547408e1c9da1a3fb03	2041c859cb5ab42b572b9ef5effb81b74dce50a4fc7c4547408e1c9da1a3fb03	
UploadFiles/xwzx/2025/10/202510200900073687.JPG	UploadFiles/xwzx/2025/10/202510200900073687.JPG	17557978	4d5f88313f24e1dbcd50b7243de51dbe62ae624c155d1fe42fbb56dc3ba32f89	4d5f88313f24e1dbcd50b7243de51dbe62ae624c155d1fe42fbb56dc3ba32f89	
UploadFiles/xwzx/2025/10/202510200900077517.JPG	UploadFiles/xwzx/2025/10/202510200900077517.JPG	17572843	a88b333d76a17b43d2c34b0529a8105f26a1362a30a1001c232457af823b445e	a88b333d76a17b43d2c34b0529a8105f26a1362a30a1001c232457af823b445e	
UploadFiles/xwzx/2025/10/202510200900116575.JPG	UploadFiles/xwzx/2025/10/202510200900116575.JPG	14072004	d45e6759c43a16e281ae2c6e4e0cd83fd758d27d97829c982079034902060e25	d45e6759c43a16e281ae2c6e4e0cd83fd758d27d97829c982079034902060e25	
UploadFiles/xwzx/2025/10/202510200900122072.JPG	UploadFiles/xwzx/2025/10/202510200900122072.JPG	17102153	a8dab8bb4e0f5b1e4849e49108afa75bdefc268678f03b6d1429a0cd3072330c	a8dab8bb4e0f5b1e4849e49108afa75bdefc268678f03b6d1429a0cd3072330c	
UploadFiles/xwzx/2025/10/202510200900147833.JPG	UploadFiles/xwzx/2025/10/202510200900147833.JPG	14454924	3ef4a353bdf3a85d31579bd9fa2491e56502210b2dad72d93b10f42cb3d9f35f	3ef4a353bdf3a85d31579bd9fa2491e56502210b2dad72d93b10f42cb3d9f35f	
UploadFiles/xwzx/2025/10/202510200900164546.JPG	UploadFiles/xwzx/2025/10/202510200900164546.JPG	14656118	16a5f7b156b3433fddb3e7c33f0bab61482ca83aba0d01e1dad1c831b64df818	16a5f7b156b3433fddb3e7c33f0bab61482ca83aba0d01e1dad1c831b64df818	
UploadFiles/xwzx/2025/10/202510200900185950.JPG	UploadFiles/xwzx/2025/10/202510200900185950.JPG	14444842	cb1a15778e7d8b0e25aedfc48e9e956379147105c2107434947496ea4e56d61d	cb1a15778e7d8b0e25aedfc48e9e956379147105c2107434947496ea4e56d61d	
UploadFiles/xwzx/2025/10/202510200900200502.JPG	UploadFiles/xwzx/2025/10/202510200900200502.JPG	15778918	053267bd6757587e5ec99373b7bd6c61c0c162e2bf72df33b1d765070c121ddc	053267bd6757587e5ec99373b7bd6c61c0c162e2bf72df33b1d765070c121ddc	
UploadFiles/xwzx/2025/10/202510200900205614.JPG	UploadFiles/xwzx/2025/10/202510200900205614.JPG	14825392	0715e6e26f725f1add7550fb003fa0359c99bc41a1617b0e31e712078b555e71	0715e6e26f725f1add7550fb003fa0359c99bc41a1617b0e31e712078b555e71	
UploadFiles/xwzx/2025/10/202510200900229722.JPG	UploadFiles/xwzx/2025/10/202510200900229722.JPG	14330487	062118fc257cbb45e208944bf377e6b9ed862cc1014c5a619377fdd78be88cf5	062118fc257cbb45e208944bf377e6b9ed862cc1014c5a619377fdd78be88cf5	
UploadFiles/xwzx/2025/10/202510200900255586.JPG	UploadFiles/xwzx/2025/10/202510200900255586.JPG	14737146	f75aa52ea1cb38f7ff3fc6faff40db2973339f82934d088ba8ed2e93f3dc150f	f75aa52ea1cb38f7ff3fc6faff40db2973339f82934d088ba8ed2e93f3dc150f	
UploadFiles/xwzx/2025/10/202510200900275142.JPG	UploadFiles/xwzx/2025/10/202510200900275142.JPG	15681210	a444fb4836b8104369789acbb1d405faf4b0a540fd2b2c194a60ea4b594a26cd	a444fb4836b8104369789acbb1d405faf4b0a540fd2b2c194a60ea4b594a26cd	
UploadFiles/xwzx/2025/10/202510200900278712.JPG	UploadFiles/xwzx/2025/10/202510200900278712.JPG	14725658	f150c630251d5e8921cc2b2c5287266320bf4cb3627ed492381a6e1a786c7d69	f150c630251d5e8921cc2b2c5287266320bf4cb3627ed492381a6e1a786c7d69	
UploadFiles/xwzx/2025/10/202510200900289057.JPG	UploadFiles/xwzx/2025/10/202510200900289057.JPG	15026143	543e95ee20de419f483ca6e1cfd9239dffbd6c558ecaec5abbab4b7076db1986	543e95ee20de419f483ca6e1cfd9239dffbd6c558ecaec5abbab4b7076db1986	
UploadFiles/xwzx/2025/10/202510200900311227.JPG	UploadFiles/xwzx/2025/10/202510200900311227.JPG	14509635	2de2d926644338133dab9d6e19404929d0e990efa93f1fef20f9befd57c6a4a7	2de2d926644338133dab9d6e19404929d0e990efa93f1fef20f9befd57c6a4a7	
UploadFiles/xwzx/2025/10/202510200900340161.JPG	UploadFiles/xwzx/2025/10/202510200900340161.JPG	16996902	5bbd2fac7491998b7516a3a2ebadb76c5e4b0b347a3f025906be9c30ae91acce	5bbd2fac7491998b7516a3a2ebadb76c5e4b0b347a3f025906be9c30ae91acce	
UploadFiles/xwzx/2025/10/202510200900375506.JPG	UploadFiles/xwzx/2025/10/202510200900375506.JPG	14078421	b1cfdd9afdc9e9e36b65f9fc0ecdb8ad44ffae7e713dc5cf4224bf45a6fddb4e	b1cfdd9afdc9e9e36b65f9fc0ecdb8ad44ffae7e713dc5cf4224bf45a6fddb4e	
UploadFiles/xwzx/2025/10/202510200900378320.JPG	UploadFiles/xwzx/2025/10/202510200900378320.JPG	15846391	5afbb4498d745799645fe40c5440a5206472087c0cc4900aac7c9e4d16999c75	5afbb4498d745799645fe40c5440a5206472087c0cc4900aac7c9e4d16999c75	
UploadFiles/xwzx/2025/10/202510200900395089.JPG	UploadFiles/xwzx/2025/10/202510200900395089.JPG	15515101	ddb9a4097a0145305ca026c1079b28db6e1bbf50790a84ebceba63d22de64864	ddb9a4097a0145305ca026c1079b28db6e1bbf50790a84ebceba63d22de64864	
UploadFiles/xwzx/2025/10/202510200900427804.JPG	UploadFiles/xwzx/2025/10/202510200900427804.JPG	16514939	43d775abb6397fabb8aa640e22b814712603228a0c87cb0de8f382d2644c3c61	43d775abb6397fabb8aa640e22b814712603228a0c87cb0de8f382d2644c3c61	
UploadFiles/xwzx/2025/10/202510200900445213.JPG	UploadFiles/xwzx/2025/10/202510200900445213.JPG	15638102	87fc856527c2fe151f1988474e31f66d5566aab29814600bd9b026d6487e02e9	87fc856527c2fe151f1988474e31f66d5566aab29814600bd9b026d6487e02e9	
UploadFiles/xwzx/2025/10/202510200900453724.JPG	UploadFiles/xwzx/2025/10/202510200900453724.JPG	15375457	301c0736283db321c2e67ec185c2b1fed1cf5a44518d117c4b637a2e057b902e	301c0736283db321c2e67ec185c2b1fed1cf5a44518d117c4b637a2e057b902e	
UploadFiles/xwzx/2025/10/202510200900490427.JPG	UploadFiles/xwzx/2025/10/202510200900490427.JPG	16387802	4df6214cbe0fd9f6ea594060f05c1108c3a1d9185f14e358521ee3c17aa529c4	4df6214cbe0fd9f6ea594060f05c1108c3a1d9185f14e358521ee3c17aa529c4	
UploadFiles/xwzx/2025/10/202510200900515424.JPG	UploadFiles/xwzx/2025/10/202510200900515424.JPG	17401395	f8d2b29319458fd805033a414a15d55795f23e9ce31c1dd4933cc0ef13fac75b	f8d2b29319458fd805033a414a15d55795f23e9ce31c1dd4933cc0ef13fac75b	
UploadFiles/xwzx/2025/10/202510200900518600.JPG	UploadFiles/xwzx/2025/10/202510200900518600.JPG	15097088	003b064ceaac3b5bd081e7df9c096e62b9cfcff1158331a6d6ecbb27203d9671	003b064ceaac3b5bd081e7df9c096e62b9cfcff1158331a6d6ecbb27203d9671	
UploadFiles/xwzx/2025/10/202510200900540745.JPG	UploadFiles/xwzx/2025/10/202510200900540745.JPG	14892106	87d4fbf73d707549af2d50572dee42a908c822232329cee2927a5c993d86d1a4	87d4fbf73d707549af2d50572dee42a908c822232329cee2927a5c993d86d1a4	
UploadFiles/xwzx/2025/10/202510200900555169.JPG	UploadFiles/xwzx/2025/10/202510200900555169.JPG	15552669	921cf89e981b9ff282d94ba7b6609261fbd67120678d450fd6650f643b3168c5	921cf89e981b9ff282d94ba7b6609261fbd67120678d450fd6650f643b3168c5	
UploadFiles/xwzx/2025/10/202510200900562593.JPG	UploadFiles/xwzx/2025/10/202510200900562593.JPG	15086050	8561e74bbc5286120f3269ff95d35e2e235430a4fee1e7f68b08f5a8a514e620	8561e74bbc5286120f3269ff95d35e2e235430a4fee1e7f68b08f5a8a514e620	
UploadFiles/xwzx/2025/10/202510200900572828.JPG	UploadFiles/xwzx/2025/10/202510200900572828.JPG	14971586	465aa865db0ad2edf310ac0286480bb97ca355cec773637f0208391c882cf065	465aa865db0ad2edf310ac0286480bb97ca355cec773637f0208391c882cf065	
UploadFiles/xwzx/2025/10/202510200901012653.JPG	UploadFiles/xwzx/2025/10/202510200901012653.JPG	14837098	b14549659a71b9bdee8a6efef4a13fa3b07a5cde31afff190e938bd5239273de	b14549659a71b9bdee8a6efef4a13fa3b07a5cde31afff190e938bd5239273de	
UploadFiles/xwzx/2025/10/202510200901019277.JPG	UploadFiles/xwzx/2025/10/202510200901019277.JPG	16695068	7abae5674ce3dd35895f8d9f753a00ca7b05b3111e6f0d18ffbc7fd95df099f8	7abae5674ce3dd35895f8d9f753a00ca7b05b3111e6f0d18ffbc7fd95df099f8	
UploadFiles/xwzx/2025/10/202510200901040451.JPG	UploadFiles/xwzx/2025/10/202510200901040451.JPG	14543232	f7f21634a0dc9ea87b2300ff4fa2a2da858e7bbf98facb57e2ae2c8f840a808f	f7f21634a0dc9ea87b2300ff4fa2a2da858e7bbf98facb57e2ae2c8f840a808f	
UploadFiles/xwzx/2025/10/202510200901077937.JPG	UploadFiles/xwzx/2025/10/202510200901077937.JPG	15203308	99fd0442eaa6e71ce104afbf880f6c41f4148da9f50f43f50fb40e2c4ef1b79a	99fd0442eaa6e71ce104afbf880f6c41f4148da9f50f43f50fb40e2c4ef1b79a	
UploadFiles/xwzx/2025/10/202510200901078400.JPG	UploadFiles/xwzx/2025/10/202510200901078400.JPG	17711254	1a3bc5d858abaa4817e3c8c865891c53610cabcfe01e826208dc1020fa652b7d	1a3bc5d858abaa4817e3c8c865891c53610cabcfe01e826208dc1020fa652b7d	
UploadFiles/xwzx/2025/10/202510200901127681.JPG	UploadFiles/xwzx/2025/10/202510200901127681.JPG	16358915	c995679f8413f8931aa7e356a05c4c9362aa5be0aad90b863c90ebd092c41b97	c995679f8413f8931aa7e356a05c4c9362aa5be0aad90b863c90ebd092c41b97	
UploadFiles/xwzx/2025/10/202510200901131324.JPG	UploadFiles/xwzx/2025/10/202510200901131324.JPG	15977049	518b31fe09ee43c91692f43ed24857dd52fbeb0212fa52873574453c1572ff0c	518b31fe09ee43c91692f43ed24857dd52fbeb0212fa52873574453c1572ff0c	
UploadFiles/xwzx/2025/10/202510200901151346.JPG	UploadFiles/xwzx/2025/10/202510200901151346.JPG	15225791	d08043d3a31e349c6536cd3433e1b17551a9461a775f63d595b2a750b278980a	d08043d3a31e349c6536cd3433e1b17551a9461a775f63d595b2a750b278980a	
UploadFiles/xwzx/2025/10/202510200901155856.JPG	UploadFiles/xwzx/2025/10/202510200901155856.JPG	14498163	2a94807cdf14751e21e727297df1be8e007bcb5cd9464d9fbc8cbee175daaebd	2a94807cdf14751e21e727297df1be8e007bcb5cd9464d9fbc8cbee175daaebd	
UploadFiles/xwzx/2025/10/202510200901189284.JPG	UploadFiles/xwzx/2025/10/202510200901189284.JPG	15297284	b78149f6f4a8326b439a11f1905e51ed97ad1524e37c1b9b0e9f8fe423b40a2a	b78149f6f4a8326b439a11f1905e51ed97ad1524e37c1b9b0e9f8fe423b40a2a	
UploadFiles/xwzx/2025/10/202510200901222140.JPG	UploadFiles/xwzx/2025/10/202510200901222140.JPG	15229043	7eff539f94ef9ddda9433deb27f66cc66bcad2684d64a4e285a703b5488c6f63	7eff539f94ef9ddda9433deb27f66cc66bcad2684d64a4e285a703b5488c6f63	
UploadFiles/xwzx/2025/10/202510200901236408.JPG	UploadFiles/xwzx/2025/10/202510200901236408.JPG	15039157	c00c9a5a481175ad0d12f4cb587785635039fe1f5a823ace7cde3c4fc39ae4cf	c00c9a5a481175ad0d12f4cb587785635039fe1f5a823ace7cde3c4fc39ae4cf	
UploadFiles/xwzx/2025/10/202510200901265862.JPG	UploadFiles/xwzx/2025/10/202510200901265862.JPG	15834165	7d9e0684ce8fabc7692a8d19dbb081e041b4fb32d10efd74d81ee0badd945222	7d9e0684ce8fabc7692a8d19dbb081e041b4fb32d10efd74d81ee0badd945222	
UploadFiles/xwzx/2025/10/202510200901303559.JPG	UploadFiles/xwzx/2025/10/202510200901303559.JPG	16175173	ae7c03024debbfb7c0d1bce25b16bb47090dfce562e2c557847d792923853053	ae7c03024debbfb7c0d1bce25b16bb47090dfce562e2c557847d792923853053	
UploadFiles/xwzx/2025/10/202510200901304512.JPG	UploadFiles/xwzx/2025/10/202510200901304512.JPG	16352649	45ab5360dc60fdc76fd02593f2c809d845162a5dc0c7101c6da1842bea655594	45ab5360dc60fdc76fd02593f2c809d845162a5dc0c7101c6da1842bea655594	
UploadFiles/xwzx/2025/10/202510200901333082.JPG	UploadFiles/xwzx/2025/10/202510200901333082.JPG	14783335	7c72c752e7ba3cb1cc4e38f6355de75271080250118a885b0efdf2d66f7e265d	7c72c752e7ba3cb1cc4e38f6355de75271080250118a885b0efdf2d66f7e265d	
UploadFiles/xwzx/2025/10/202510200901369894.JPG	UploadFiles/xwzx/2025/10/202510200901369894.JPG	16730021	ba2d41303d3e7562c1ef314fc7dda076b84ff612805ea7cf1e6ba4f10022946f	ba2d41303d3e7562c1ef314fc7dda076b84ff612805ea7cf1e6ba4f10022946f	
UploadFiles/xwzx/2025/10/202510200901379314.JPG	UploadFiles/xwzx/2025/10/202510200901379314.JPG	18492646	68e9a81268b167e5b170f980e0229875cf15380f92808fcc337df611ce59d810	68e9a81268b167e5b170f980e0229875cf15380f92808fcc337df611ce59d810	
UploadFiles/xwzx/2025/10/202510200901391956.JPG	UploadFiles/xwzx/2025/10/202510200901391956.JPG	15004177	b6f35d0a083fc3f08e7fd8bcaabb1fb189219e97fbad6b0f1b5d64b386fe0e4b	b6f35d0a083fc3f08e7fd8bcaabb1fb189219e97fbad6b0f1b5d64b386fe0e4b	
UploadFiles/xwzx/2025/10/202510200901422857.JPG	UploadFiles/xwzx/2025/10/202510200901422857.JPG	16618028	290db9e0247a1353ccded0937b0b6a2c051faa028e16d7e99673163ee4e75f61	290db9e0247a1353ccded0937b0b6a2c051faa028e16d7e99673163ee4e75f61	
UploadFiles/xwzx/2025/10/202510200901442496.JPG	UploadFiles/xwzx/2025/10/202510200901442496.JPG	18026949	4fbb3f24b951581ba8f3f2719e0da219528939dba6c60adabfd4763b98366bf4	4fbb3f24b951581ba8f3f2719e0da219528939dba6c60adabfd4763b98366bf4	
UploadFiles/xwzx/2025/10/202510200901462316.JPG	UploadFiles/xwzx/2025/10/202510200901462316.JPG	17239661	b9f55ba1d31477ff65114ab54c9cafd6e92b4bf89055a5c66006a589f6580424	b9f55ba1d31477ff65114ab54c9cafd6e92b4bf89055a5c66006a589f6580424	
UploadFiles/xwzx/2025/10/202510200901502123.JPG	UploadFiles/xwzx/2025/10/202510200901502123.JPG	15256156	dfd09b5d259295337cdbbfc26665455b0debd6bef9ac7b5c4fb606d094317d01	dfd09b5d259295337cdbbfc26665455b0debd6bef9ac7b5c4fb606d094317d01	
UploadFiles/xwzx/2025/10/202510200901507801.JPG	UploadFiles/xwzx/2025/10/202510200901507801.JPG	17755336	8c1b5323a1487bb1ef46b225ad28757f950ef314f7422d7ef2cd6403fef007b4	8c1b5323a1487bb1ef46b225ad28757f950ef314f7422d7ef2cd6403fef007b4	
UploadFiles/xwzx/2025/10/202510200901542207.JPG	UploadFiles/xwzx/2025/10/202510200901542207.JPG	17377243	86bd29bcd2552cd6a4f040c97da55981679f6f74ec42b62d667d06219df8f2b0	86bd29bcd2552cd6a4f040c97da55981679f6f74ec42b62d667d06219df8f2b0	
UploadFiles/xwzx/2025/10/202510200901564581.JPG	UploadFiles/xwzx/2025/10/202510200901564581.JPG	16320574	f3e51cfaaae681a520177b17c29054dab3a90fd5dd2d9d3bcddc278bdb5c5993	f3e51cfaaae681a520177b17c29054dab3a90fd5dd2d9d3bcddc278bdb5c5993	
UploadFiles/xwzx/2025/10/202510200901596105.JPG	UploadFiles/xwzx/2025/10/202510200901596105.JPG	17568694	0546033be9628da22214d45bc80b36a0cd20021cf3a4fdd81b8c15432a2bff8e	0546033be9628da22214d45bc80b36a0cd20021cf3a4fdd81b8c15432a2bff8e	
UploadFiles/xwzx/2025/10/202510200902020405.JPG	UploadFiles/xwzx/2025/10/202510200902020405.JPG	15964583	effa4dd286bb5e08594c0f97f0a40124454e90d04fa499c83ceddd548a642cc5	effa4dd286bb5e08594c0f97f0a40124454e90d04fa499c83ceddd548a642cc5	
UploadFiles/xwzx/2025/10/202510200902040869.JPG	UploadFiles/xwzx/2025/10/202510200902040869.JPG	17463544	2162b50b23de4ab855216b21ce308fa9237b3195e216c64042ff15290803f2ff	2162b50b23de4ab855216b21ce308fa9237b3195e216c64042ff15290803f2ff	
UploadFiles/xwzx/2025/10/202510200902061196.JPG	UploadFiles/xwzx/2025/10/202510200902061196.JPG	15235253	b6b2547a2b8f74fe28b1f81394dedb3555ae00f037fe53752ef12064221ed653	b6b2547a2b8f74fe28b1f81394dedb3555ae00f037fe53752ef12064221ed653	
UploadFiles/xwzx/2025/10/202510200902107328.JPG	UploadFiles/xwzx/2025/10/202510200902107328.JPG	17467508	10c799569efa2ba8e31d070dea485ca3f46b5737af31ef3ca403c89ede7769cd	10c799569efa2ba8e31d070dea485ca3f46b5737af31ef3ca403c89ede7769cd	
UploadFiles/xwzx/2025/10/202510200902111872.JPG	UploadFiles/xwzx/2025/10/202510200902111872.JPG	17781989	5440c57cda9d2a4c839ea2a6ee723a7111db67853677c32e4c13c4cb47276867	5440c57cda9d2a4c839ea2a6ee723a7111db67853677c32e4c13c4cb47276867	
UploadFiles/xwzx/2025/10/202510200902138330.JPG	UploadFiles/xwzx/2025/10/202510200902138330.JPG	14950474	f9db1b9cf9cc75a2226edcb15e4f88786cab1aca34f672627e1d48943c7f1289	f9db1b9cf9cc75a2226edcb15e4f88786cab1aca34f672627e1d48943c7f1289	
UploadFiles/xwzx/2025/10/202510200902177726.JPG	UploadFiles/xwzx/2025/10/202510200902177726.JPG	17787654	f9ac2f9c7ef48ca0f9c9763640171d56f3e0435da3083fe48cdb91bfec0b2751	f9ac2f9c7ef48ca0f9c9763640171d56f3e0435da3083fe48cdb91bfec0b2751	
UploadFiles/xwzx/2025/10/202510200902185790.JPG	UploadFiles/xwzx/2025/10/202510200902185790.JPG	17466754	329d7cea98658a5fc913cb7f00c45ae8dddc17d49dd7629ab68f338324bf4447	329d7cea98658a5fc913cb7f00c45ae8dddc17d49dd7629ab68f338324bf4447	
UploadFiles/xwzx/2025/10/202510200902212567.JPG	UploadFiles/xwzx/2025/10/202510200902212567.JPG	14180664	4b96af459bf4d0fa926877733e6e7899a149fdbf47177fa520d0fabfc7aebfc6	4b96af459bf4d0fa926877733e6e7899a149fdbf47177fa520d0fabfc7aebfc6	
UploadFiles/xwzx/2025/10/202510200902230728.JPG	UploadFiles/xwzx/2025/10/202510200902230728.JPG	15246164	98e49c82a3d1f0715c472ea1fa799cfa978694aae8ec790d83c025e4122fc136	98e49c82a3d1f0715c472ea1fa799cfa978694aae8ec790d83c025e4122fc136	
UploadFiles/xwzx/2025/10/202510200902252001.JPG	UploadFiles/xwzx/2025/10/202510200902252001.JPG	16318787	d57d19fef18c7e95423d75760c339296cb943a61d8172ba6e7c3f32ad0ab1041	d57d19fef18c7e95423d75760c339296cb943a61d8172ba6e7c3f32ad0ab1041	
UploadFiles/xwzx/2025/10/202510200902272400.JPG	UploadFiles/xwzx/2025/10/202510200902272400.JPG	14700957	49af30af4294a9c41814625025d5607e4ade868cf2f8732ac069c875dab8c890	49af30af4294a9c41814625025d5607e4ade868cf2f8732ac069c875dab8c890	
UploadFiles/xwzx/2025/10/202510200902333908.JPG	UploadFiles/xwzx/2025/10/202510200902333908.JPG	17736394	4d1d5f9413a7e9011ed729491678caad87a2034569e617b71460188074dec10e	4d1d5f9413a7e9011ed729491678caad87a2034569e617b71460188074dec10e	
UploadFiles/xwzx/2025/10/202510200902334766.JPG	UploadFiles/xwzx/2025/10/202510200902334766.JPG	18391766	22feb18bacd3d612ee4dd28ef6d645d326a01c6a572ec198d39ffddd53cd34f0	22feb18bacd3d612ee4dd28ef6d645d326a01c6a572ec198d39ffddd53cd34f0	
UploadFiles/xwzx/2025/10/202510200902351072.JPG	UploadFiles/xwzx/2025/10/202510200902351072.JPG	17670834	5dc7a8ceeafaa0ee55ccd464db9e4de8546dbb52b25fbccbc903df3336b4504b	5dc7a8ceeafaa0ee55ccd464db9e4de8546dbb52b25fbccbc903df3336b4504b	
